<?xml version="1.0" encoding="UTF-8"?>
<beans xmlns="http://www.springframework.org/schema/beans"
	xmlns:xsi="http://www.w3.org/2001/XMLSchema-instance"
	xmlns:aop="http://www.springframework.org/schema/aop"
	xmlns:context="http://www.springframework.org/schema/context"
	xsi:schemaLocation="http://www.springframework.org/schema/beans http://www.springframework.org/schema/beans/spring-beans.xsd
		http://www.springframework.org/schema/aop http://www.springframework.org/schema/aop/spring-aop.xsd
		http://www.springframework.org/schema/context http://www.springframework.org/schema/context/spring-context.xsd">

<bean id="Nilay" class="com.sujata.producer.Singer">
	<constructor-arg name="song" value="LALALA"></constructor-arg>
</bean>

<bean id="Keshav" class="com.sujata.producer.Juggler">
<property name="balls" value="6"></property>
</bean>

<bean id="Parag" class="com.sujata.producer.Dancer"></bean>

<bean id="guitar" class="com.sujata.producer.Guitar"></bean>
<bean id="drum" class="com.sujata.producer.Drum"></bean>
<bean id="tabla" class="com.sujata.producer.Tabla"></bean>

<bean id="DhanaRaju" class="com.sujata.producer.Instrumentalist">
<property name="instrument" ref="drum"></property>
</bean>



<bean id="Avinash" class="com.sujata.producer.Instrumentalist">
	<constructor-arg name="instrument" ref="guitar"></constructor-arg>
</bean>
<bean id="audience" class="com.sujata.producer.Audience"></bean>

<aop:aspectj-autoproxy></aop:aspectj-autoproxy>

<aop:config>
	<aop:aspect ref="audience">
	<!--  
		<aop:before method="takeSeats" pointcut="execution(* com.sujata.producer.Performer.perform(..))"/>
		<aop:before method="switchOffCellPhones" pointcut="execution(* com.sujata.producer.Performer.perform(..))"/>
		<aop:after-returning method="applaud" pointcut="execution(* com.sujata.producer.Performer.perform(..))"/>
		<aop:after-throwing method="demandRefund" pointcut="execution(* com.sujata.producer.Performer.perform(..))"/>
		<aop:after method="leave" pointcut="execution(* com.sujata.producer.Performer.perform(..))"/>
		-->
		<aop:around method="watchPerformance" pointcut="execution(* com.sujata.producer.Performer.perform(..))"/>
		
	</aop:aspect>
</aop:config>
</beans>
